year,mon,percent_difference
2021,1,NULL
2021,2,2.266167055361082
2021,3,1.1658660477774014
2021,4,-0.9898845182922937
2021,5,4.402446181373717
2021,6,0.1341882346225147
2021,7,-0.3014932450878724
2021,8,0.5148083643681172
2021,9,-2.4146117618507748
2021,10,0.17403890823991583
2021,11,-0.6853330618891942
2021,12,3.4695455344031783
