year,mon,percent_difference
2021,1,NULL
2021,2,3.6511074051210777
2021,3,-1.4446202955620189
2021,4,0.028348222088261103
2021,5,0.8652706799043194
2021,6,-0.6747017782273032
2021,7,0.385346122124904
2021,8,0.43938791226538
2021,9,-0.4147592853786498
2021,10,0.8763303500061835
2021,11,-0.8322959272752548
2021,12,2.7272906021966534
